{"train_loss": 2.132095915205935, "train_accuracy": 0.7072026800670017, "_timestamp": 1712515778.3069394, "_runtime": 8635.255676269531, "_step": 39, "valid_loss": 2.1536981273204723, "valid_accuracy": 0.6706666666666666}